Course,Speed,lng,lat
201.6,7.4,129.592892,34.568688
197.3,7.3,129.592775,34.568403
197.9,7.2,129.592632,34.568083
199.6,7.5,129.592478,34.567725
199.0,7.4,129.59237,34.567433
196.8,7.3,129.592255,34.56714
198.2,7.3,129.59208,34.566753
200.9,7.5,129.591943,34.566463
201.7,7.4,129.591778,34.566115
200.6,7.4,129.59162,34.565757
196.8,7.5,129.59152,34.565488
198.3,7.5,129.591378,34.56516
200.5,7.5,129.591218,34.564803
201.3,7.4,129.591072,34.56448
198.1,7.5,129.590952,34.56419
197.7,7.6,129.590792,34.563822
199.0,7.5,129.590665,34.56353
196.9,7.5,129.590528,34.563162
197.4,7.6,129.590388,34.56279
197.8,7.5,129.590275,34.562493
198.9,7.6,129.590147,34.562195
200.8,7.6,129.589998,34.561868
200.1,7.5,129.589865,34.561532
199.6,7.5,129.58971,34.561175
199.7,7.5,129.58957,34.560842
198.5,7.5,129.589443,34.56051
196.1,7.6,129.589325,34.560172
196.7,7.6,129.589227,34.559905
196.8,7.5,129.589083,34.559502
196.7,7.7,129.58896,34.559158
198.0,7.6,129.588833,34.558825
197.5,7.5,129.588708,34.558492
197.1,7.6,129.588573,34.558153
200.2,7.5,129.588458,34.557893
201.3,7.5,129.588292,34.557497
201.1,7.5,129.58815,34.557165
199.4,7.5,129.588015,34.556833
196.9,7.5,129.58788,34.5565
199.8,7.6,129.587728,34.556173
202.8,7.5,129.587593,34.555882
200.6,7.4,129.587435,34.555483
196.6,7.8,129.587322,34.555168
197.9,7.6,129.587193,34.55484
199.9,7.4,129.587058,34.55451
198.4,7.8,129.586935,34.554162
196.3,7.5,129.586843,34.553898
198.3,7.4,129.58669,34.553497
200.5,7.6,129.586548,34.553162
199.5,7.5,129.586415,34.552835
198.7,7.4,129.586275,34.552507
200.2,7.6,129.586108,34.552142
201.8,7.6,129.585973,34.551852
201.2,7.4,129.585832,34.551525
200.9,7.6,129.585683,34.551193
199.5,7.5,129.585545,34.550867
197.3,7.5,129.585427,34.550567
197.5,7.6,129.585283,34.550198
198.4,7.6,129.585162,34.549897
196.9,7.7,129.585038,34.549557
197.9,7.6,129.584887,34.549188
201.0,7.6,129.584752,34.548892
201.1,7.7,129.584595,34.548525
199.9,7.5,129.584453,34.548198
199.8,7.6,129.584305,34.547867
201.6,7.6,129.584168,34.547573
201.3,7.6,129.584022,34.547238
198.0,7.6,129.5839,34.546943
197.8,7.6,129.583743,34.546577
197.5,7.7,129.583605,34.54624
197.9,7.7,129.583452,34.545872
199.4,7.6,129.583315,34.54554
197.8,7.6,129.5832,34.545235
196.4,7.8,129.583073,34.544892
196.7,7.5,129.582933,34.544525
198.3,7.6,129.582795,34.544185
198.8,7.9,129.582658,34.543845
200.3,7.4,129.58253,34.543565
202.2,7.7,129.582372,34.543228
200.7,7.6,129.58224,34.542932
200.1,7.5,129.582055,34.542543
199.7,7.7,129.581902,34.542207
200.3,7.6,129.581752,34.541882
200.3,7.5,129.581618,34.541585
200.0,7.8,129.581475,34.54124
199.0,7.5,129.581353,34.540948
197.2,7.5,129.581202,34.540543
197.1,7.7,129.581065,34.540207
198.3,7.7,129.58095,34.539905
198.5,7.5,129.580822,34.539572
199.4,7.7,129.580668,34.5392
198.9,7.5,129.580547,34.538907
199.9,7.5,129.580383,34.538542
201.4,7.7,129.58023,34.53821
199.4,7.5,129.580087,34.537888
199.3,7.6,129.579948,34.537583
202.8,7.7,129.579803,34.537292
202.1,7.4,129.579653,34.536968
200.5,7.5,129.579473,34.53657
198.1,7.7,129.57933,34.536235
195.6,7.6,129.579183,34.535872
198.6,7.7,129.579048,34.53557
199.2,7.6,129.578932,34.53527
197.4,7.6,129.578805,34.53493
196.5,7.7,129.578665,34.534555
196.4,7.6,129.57854,34.534218
197.3,7.6,129.578407,34.533883
198.4,7.6,129.578267,34.53355
199.6,7.6,129.578152,34.533287
200.8,7.5,129.57799,34.532932
200.9,7.5,129.57781,34.532537
200.3,7.6,129.577677,34.53224
201.0,7.5,129.577523,34.531913
201.8,7.6,129.57737,34.531582
199.7,7.6,129.57724,34.531293
198.9,7.6,129.577103,34.530962
199.6,7.6,129.576952,34.530592
199.0,7.7,129.576823,34.53025
196.4,7.5,129.576703,34.529915
196.9,7.7,129.576568,34.529572
199.5,7.7,129.576433,34.529238
199.9,7.5,129.576302,34.528905
199.1,7.8,129.576165,34.528563
198.1,7.6,129.576028,34.528233
198.7,7.5,129.575885,34.527898
200.9,7.8,129.575732,34.527565
200.7,7.5,129.575593,34.527238
197.6,7.6,129.575475,34.526933
197.1,7.7,129.575357,34.52663
197.0,7.5,129.575203,34.526233
197.7,7.7,129.575097,34.525955
197.6,7.7,129.574943,34.525553
195.7,7.6,129.574822,34.525213
198.3,7.7,129.574677,34.524878
199.9,7.6,129.574547,34.524578
201.0,7.6,129.574387,34.524212
198.3,7.7,129.574265,34.523908
197.9,7.7,129.574115,34.523538
197.9,7.6,129.573982,34.523207
197.5,7.6,129.573862,34.522905
196.5,7.7,129.573747,34.522597
198.2,7.6,129.57358,34.522197
200.3,7.7,129.573447,34.521892
199.8,7.7,129.573287,34.521527
199.3,7.5,129.573143,34.521202
200.2,7.7,129.572995,34.520865
198.0,7.6,129.572878,34.520567
197.4,7.6,129.572742,34.520232
197.0,7.7,129.572612,34.519887
196.9,7.7,129.572467,34.519518
199.3,7.5,129.572342,34.519218
199.0,7.6,129.572193,34.51885
197.9,7.6,129.572075,34.518548
199.5,7.6,129.571933,34.518213
199.5,7.6,129.571792,34.51788
200.5,7.7,129.57163,34.517513
200.9,7.6,129.571498,34.51722
200.0,7.6,129.571357,34.516883
197.9,7.7,129.571235,34.516577
198.3,7.7,129.571105,34.516238
198.1,7.6,129.570975,34.5159
198.2,7.7,129.5708,34.515458
199.7,7.6,129.570683,34.515193
200.4,7.6,129.570527,34.514822
196.6,7.7,129.570413,34.514512
198.0,7.7,129.570273,34.514177
200.3,7.7,129.570132,34.513845
198.9,7.6,129.569983,34.513475
197.2,7.7,129.569863,34.51317
197.8,7.7,129.569723,34.512837
199.1,7.5,129.569583,34.512508
199.0,7.6,129.569445,34.512172
198.0,7.7,129.569312,34.511835
197.9,7.6,129.56918,34.5115
197.1,7.6,129.569053,34.511165
198.9,7.7,129.568917,34.510825
199.0,7.6,129.568783,34.510492
199.2,7.6,129.568645,34.510155
199.9,7.7,129.568517,34.509858
198.3,7.6,129.568382,34.509525
197.4,7.6,129.568232,34.509155
197.3,7.8,129.568102,34.508817
197.6,7.6,129.567968,34.508487
198.3,7.7,129.567837,34.508143
197.5,7.7,129.567705,34.507805
197.4,7.6,129.567572,34.507468
199.2,7.7,129.567428,34.507133
199.4,7.7,129.567303,34.506832
197.0,7.6,129.567158,34.506458
196.5,7.7,129.567022,34.506118
200.6,7.6,129.566892,34.505823
198.5,7.6,129.566745,34.505452
196.9,7.8,129.566617,34.50511
196.7,7.7,129.566492,34.504772
195.7,7.6,129.566377,34.50443
196.6,7.8,129.566255,34.504083
195.5,7.6,129.566153,34.503782
196.1,7.7,129.566017,34.503405
198.7,7.6,129.565882,34.503073
197.7,7.7,129.565767,34.502765
196.9,7.7,129.565613,34.502358
197.0,7.5,129.565498,34.50206
198.1,7.7,129.565348,34.501687
197.4,7.6,129.565232,34.501388
196.6,7.5,129.5651,34.501062
196.7,7.7,129.564967,34.500723
196.8,7.7,129.564817,34.50036
199.6,7.6,129.564692,34.50006
198.5,7.6,129.564562,34.499725
195.7,7.7,129.564452,34.49942
196.1,7.7,129.5643,34.499017
197.2,7.5,129.564173,34.498685
196.8,7.6,129.564042,34.49831
195.3,7.6,129.563952,34.498037
196.7,7.6,129.563823,34.497667
196.5,7.7,129.563717,34.497357
196.6,7.6,129.563585,34.496985
197.6,7.6,129.56347,34.496682
197.2,7.7,129.563328,34.496312
198.6,7.5,129.563208,34.496013
196.9,7.6,129.56308,34.495677
196.3,7.6,129.562963,34.49538
197.8,7.5,129.562798,34.494985
200.1,7.6,129.562672,34.494678
199.1,7.7,129.562528,34.494308
196.1,7.6,129.562425,34.494003
194.9,7.6,129.562295,34.493628
195.9,7.8,129.562195,34.49335
196.3,7.6,129.562052,34.492948
197.2,7.6,129.561933,34.492642
197.8,7.8,129.561802,34.492303
197.6,7.6,129.561658,34.491937
199.5,7.6,129.561515,34.4916
198.3,7.7,129.561395,34.491297
196.9,7.5,129.561248,34.490933
197.7,7.6,129.561103,34.490602
199.4,7.6,129.560977,34.490305
197.1,7.7,129.56085,34.489965
195.1,7.6,129.560732,34.489623
195.0,7.7,129.560622,34.489313
195.0,7.8,129.560482,34.488902
197.6,7.6,129.560355,34.488568
197.0,7.6,129.560242,34.488265
196.9,7.6,129.560112,34.487927
198.0,7.6,129.559965,34.487557
199.6,7.7,129.55984,34.48725
197.7,7.6,129.55971,34.486915
195.7,7.7,129.55959,34.486572
196.3,7.7,129.559462,34.486233
197.0,7.7,129.559337,34.48589
197.7,7.7,129.55921,34.48555
198.4,7.6,129.559092,34.485243
198.4,7.7,129.558928,34.484837
196.7,7.7,129.558795,34.484502
198.9,7.6,129.558665,34.484203
200.7,7.7,129.558518,34.48387
198.3,7.5,129.558388,34.483537
195.4,7.7,129.558278,34.483227
195.7,7.8,129.55813,34.482822
198.2,7.6,129.558017,34.482522
195.6,7.7,129.557902,34.482175
194.8,7.8,129.557782,34.481833
196.0,7.5,129.557648,34.481463
197.8,7.8,129.557513,34.481118
198.0,7.7,129.557383,34.480782
199.0,7.6,129.557248,34.480445
197.6,7.7,129.557132,34.48014
197.5,7.7,129.556995,34.479803
198.8,7.6,129.556853,34.47947
199.5,7.7,129.55671,34.47913
199.2,7.7,129.556573,34.478797
198.7,7.5,129.556427,34.478463
199.1,7.8,129.556278,34.478122
199.7,7.6,129.556133,34.477797
199.8,7.6,129.555973,34.47743
198.1,7.7,129.555852,34.477125
196.4,7.7,129.555713,34.476753
196.9,7.7,129.555597,34.476448
197.4,7.7,129.55547,34.476108
199.1,7.7,129.55534,34.475773
198.9,7.6,129.55522,34.475473
198.0,7.6,129.555065,34.475103
197.6,7.7,129.554905,34.474735
200.4,7.6,129.554768,34.474442
199.3,7.7,129.554633,34.474103
197.5,7.7,129.554508,34.473768
196.3,7.6,129.554387,34.473427
196.9,7.8,129.55426,34.473083
197.0,7.7,129.554123,34.472708
197.3,7.7,129.554005,34.472402
200.8,7.8,129.55386,34.472067
200.5,7.6,129.553723,34.471735
197.2,7.8,129.553592,34.471388
197.1,7.6,129.55343,34.47103
199.9,7.6,129.553278,34.470697
201.5,7.8,129.55314,34.470393
201.2,7.6,129.552983,34.470033
198.0,7.7,129.55286,34.469725
196.8,7.7,129.552723,34.469393
197.8,7.6,129.552577,34.469025
198.9,7.7,129.552445,34.468702
196.6,7.7,129.552342,34.468392
198.2,7.7,129.552188,34.467982
197.5,7.6,129.552077,34.467677
197.2,7.8,129.551957,34.467367
198.8,7.7,129.551795,34.467008
200.9,7.6,129.551663,34.466705
200.1,7.7,129.551518,34.466365
199.0,7.7,129.551357,34.466
199.8,7.7,129.551218,34.4657
201.3,7.6,129.551063,34.46538
200.8,7.7,129.550898,34.465007
200.6,7.6,129.55075,34.464678
200.7,7.5,129.550613,34.464388
200.3,7.8,129.550438,34.46402
202.2,7.6,129.550273,34.463705
204.7,7.6,129.550117,34.46341
203.7,7.6,129.54994,34.46305
203.1,7.5,129.549793,34.46276
201.4,7.6,129.549647,34.462467
200.2,7.6,129.549473,34.462098
201.4,7.5,129.549312,34.461775
199.4,7.6,129.549148,34.46141
198.6,7.7,129.549007,34.461077
198.6,7.6,129.54887,34.460742
196.4,7.6,129.548755,34.460435
198.8,7.7,129.548615,34.4601
200.5,7.5,129.548472,34.459775
199.8,7.6,129.548323,34.459438
201.3,7.7,129.548153,34.459075
199.8,7.5,129.54803,34.458782
197.7,7.7,129.547903,34.458473
198.1,7.8,129.54775,34.458105
197.2,7.6,129.547607,34.457743
197.4,7.5,129.547462,34.45741
200.9,7.9,129.547303,34.457072
201.2,7.4,129.547175,34.456793
200.6,7.7,129.547013,34.456447
200.8,7.8,129.546857,34.45612
200.6,7.4,129.546705,34.455803
203.3,7.5,129.546533,34.455478
202.3,7.6,129.54636,34.45512
199.1,7.5,129.546232,34.454828
199.0,7.4,129.546087,34.454502
199.8,7.6,129.545953,34.45416
198.6,7.5,129.54583,34.453832
195.4,7.5,129.545717,34.453492
194.4,7.6,129.545585,34.453113
196.8,7.6,129.545465,34.452817
198.2,7.6,129.545352,34.452512
197.2,7.7,129.54521,34.452138
197.0,7.6,129.5476,34.45774
197.8,7.4,129.545077,34.451817
197.4,7.6,129.544945,34.45148
196.3,7.7,129.544798,34.451077
197.6,7.5,129.544702,34.450812
196.8,7.6,129.544583,34.450473
197.6,7.5,129.54446,34.45014
197.4,7.5,129.544337,34.449807
196.9,7.6,129.54419,34.449443
197.4,7.5,129.54406,34.449105
199.7,7.6,129.543932,34.448803
200.1,7.6,129.543773,34.448443
198.1,7.5,129.543667,34.44818
198.4,7.6,129.543493,34.447783
199.0,7.6,129.543337,34.447422
198.6,7.5,129.543217,34.447125
197.0,7.6,129.543102,34.44682
196.0,7.5,129.542968,34.44646
197.7,7.6,129.542838,34.446127
198.2,7.5,129.54273,34.445825
197.3,7.5,129.542598,34.445453
196.8,7.6,129.542487,34.445148
199.0,7.4,129.542367,34.444855
200.4,7.5,129.542183,34.44442
199.9,7.8,129.54205,34.444123
198.5,7.3,129.541928,34.443833
198.3,7.5,129.541757,34.44343
199.2,7.7,129.541633,34.443133
198.1,7.4,129.541507,34.442807
197.0,7.5,129.541378,34.442468
195.9,7.6,129.541252,34.442135
197.3,7.5,129.541147,34.441875
199.2,7.5,129.540992,34.441485
199.0,7.6,129.540873,34.441142
197.8,7.5,129.540757,34.440807
197.1,7.5,129.540628,34.440472
196.5,7.6,129.540497,34.44014
199.0,7.5,129.540368,34.439845
199.5,7.5,129.540218,34.439485
197.7,7.6,129.540102,34.439182
198.3,7.5,129.539958,34.438822
197.9,7.5,129.539825,34.438482
197.9,7.6,129.53969,34.438147
199.8,7.5,129.53956,34.437857
199.7,7.4,129.539398,34.437458
199.4,7.7,129.53927,34.437155
199.9,7.5,129.539137,34.436832
197.3,7.6,129.539017,34.436493
195.6,7.5,129.538898,34.43616
198.2,7.5,129.53878,34.435862
197.9,7.7,129.538647,34.43549
194.9,7.5,129.538553,34.435182
196.2,7.6,129.538415,34.43481
199.2,7.7,129.53829,34.434468
198.6,7.4,129.538165,34.43414
197.8,7.6,129.538027,34.433803
199.2,7.5,129.537882,34.433485
201.6,7.4,129.537727,34.433162
201.7,7.4,129.537423,34.432517
198.6,7.5,129.537283,34.432182
198.1,7.7,129.53714,34.43185
202.2,7.4,129.537003,34.431567
200.0,7.5,129.536855,34.431193
197.3,7.7,129.536718,34.430858
198.4,7.4,129.536592,34.430568
200.4,7.5,129.536438,34.43024
201.4,7.7,129.536267,34.429877
197.6,7.6,129.535992,34.429252
199.2,7.7,129.535827,34.428895
200.7,7.4,129.535702,34.428605
198.6,7.7,129.535562,34.428263
199.5,7.7,129.535408,34.427898
199.7,7.4,129.535272,34.427573
198.4,7.7,129.535133,34.427232
197.9,7.7,129.534997,34.426902
199.3,7.5,129.53487,34.42661
200.2,7.6,129.53472,34.42628
199.9,7.6,129.53455,34.42592
202.9,7.6,129.5344,34.425627
203.7,7.5,129.534242,34.425305
201.8,7.6,129.534085,34.42498
201.2,7.6,129.533917,34.424625
200.5,7.5,129.53377,34.424298
199.2,7.6,129.533633,34.423965
199.8,7.5,129.5335,34.423635
197.2,7.6,129.533375,34.4233
196.6,7.7,129.533242,34.42296
198.5,7.5,129.533115,34.42267
201.1,7.6,129.53296,34.42234
201.7,7.6,129.53279,34.42198
203.1,7.5,129.532627,34.421662
201.9,7.6,129.532468,34.42133
200.9,7.6,129.53231,34.421008
202.7,7.4,129.532147,34.420688
202.5,7.8,129.532,34.420383
199.4,7.6,129.53185,34.420023
198.1,7.4,129.531717,34.419692
199.5,7.7,129.531575,34.419352
199.4,7.6,129.531435,34.41902
201.3,7.5,129.5313,34.418727
202.2,7.6,129.531143,34.4184
202.3,7.5,129.53097,34.418047
201.4,7.6,129.530795,34.417688
200.7,7.5,129.530653,34.417397
203.2,7.6,129.530487,34.41707
200.7,7.5,129.530345,34.41675
197.0,7.5,129.530225,34.416448
198.5,7.7,129.53006,34.416088
199.6,7.5,129.529918,34.415768
200.3,7.6,129.5298,34.415497
200.2,7.6,129.529633,34.415127
200.9,7.5,129.529482,34.414802
202.6,7.5,129.529308,34.414443
201.8,7.6,129.529157,34.414117
199.1,7.5,129.529017,34.41379
198.6,7.6,129.528888,34.413492
198.6,7.7,129.52873,34.41312
201.7,7.5,129.528593,34.41283
201.1,7.6,129.52845,34.412493
199.7,7.6,129.528295,34.412132
199.1,7.5,129.528153,34.411805
199.8,7.6,129.528038,34.411542
201.0,7.6,129.527863,34.411147
202.6,7.5,129.527728,34.410853
200.5,7.7,129.52757,34.410485
198.3,7.5,129.527433,34.41016
200.4,7.5,129.527283,34.409828
200.3,7.7,129.527167,34.409558
199.1,7.4,129.527013,34.4092
198.5,7.6,129.526863,34.408865
198.3,7.8,129.526697,34.4085
202.2,7.4,129.526557,34.408217
204.1,7.5,129.526372,34.407822
199.1,7.7,129.526262,34.407552
200.0,7.5,129.526093,34.407195
200.2,7.5,129.525957,34.4069
201.1,7.6,129.525788,34.40654
202.7,7.5,129.525633,34.406218
199.2,7.6,129.525505,34.405918
198.4,7.5,129.52536,34.405597
199.5,7.6,129.525207,34.405265
199.6,7.5,129.525082,34.404972
198.9,7.4,129.524902,34.404543
201.4,7.7,129.524777,34.404277
201.1,7.4,129.52462,34.403922
201.0,7.6,129.524478,34.403622
203.4,7.6,129.524303,34.403267
202.7,7.4,129.524165,34.402977
201.4,7.6,129.523998,34.402615
199.3,7.5,129.523868,34.402322
199.2,7.4,129.523723,34.401997
196.9,7.7,129.523588,34.401657
196.0,7.5,129.52345,34.401297
195.2,7.4,129.523325,34.400963
198.1,7.6,129.523183,34.400632
201.7,7.5,129.523047,34.40034
203.2,7.4,129.52288,34.39999
202.2,7.5,129.522743,34.399695
200.5,7.4,129.522592,34.399377
201.7,7.5,129.522427,34.399055
202.6,7.5,129.522255,34.3987
198.5,7.4,129.52215,34.398438
197.4,7.5,129.521982,34.398047
199.0,7.4,129.52186,34.397753
197.3,7.5,129.521722,34.397388
194.4,7.5,129.521607,34.397053
197.7,7.4,129.521482,34.396728
198.4,7.5,129.521365,34.396427
198.2,7.5,129.521232,34.396102
199.4,7.4,129.521072,34.395747
201.3,7.5,129.520937,34.395455
200.2,7.4,129.5208,34.395133
200.4,7.4,129.520647,34.394773
198.0,7.5,129.520535,34.394477
196.7,7.4,129.520395,34.394118
198.0,7.4,129.520268,34.39379
198.0,7.4,129.520142,34.393462
196.7,7.4,129.520037,34.393165
196.8,7.5,129.5199,34.392802
197.6,7.4,129.519785,34.392508
198.4,7.4,129.51965,34.392182
199.1,7.5,129.519512,34.39186
201.2,7.2,129.519365,34.391545
200.9,7.3,129.519218,34.391225
200.8,7.4,129.519057,34.390875
201.9,7.2,129.518923,34.390595
198.6,7.3,129.518793,34.390272
195.2,7.4,129.51866,34.389912
197.9,7.2,129.518545,34.389628
197.7,7.3,129.518435,34.389335
196.5,7.3,129.518292,34.388943
197.3,7.4,129.518175,34.388653
199.0,7.3,129.51803,34.388303
199.8,7.3,129.517882,34.387953
198.8,7.3,129.517777,34.387693
198.4,7.2,129.517648,34.38738
198.4,7.2,129.517507,34.387027
197.8,7.3,129.517383,34.386703
196.0,7.2,129.517278,34.386413
196.5,7.4,129.517143,34.386048
199.0,7.4,129.517028,34.385762
195.8,7.3,129.51693,34.385465
198.2,7.3,129.516637,34.384762
201.7,7.1,129.51649,34.384448
198.8,7.5,129.516357,34.384118
196.2,7.1,129.51625,34.38384
199.4,7.3,129.516115,34.383512
198.0,7.4,129.516,34.383187
196.1,7.2,129.515875,34.382833
198.5,7.4,129.515768,34.38257
199.4,7.3,129.515612,34.38219
199.3,7.2,129.515477,34.381875
200.2,7.4,129.515348,34.381585
199.4,7.3,129.515213,34.38127
199.6,7.2,129.515058,34.380925
200.2,7.2,129.514935,34.38064
199.3,7.3,129.514792,34.380283
194.8,7.4,129.514688,34.379988
195.2,7.2,129.51456,34.37967
200.7,7.4,129.514428,34.379383
200.1,7.3,129.514292,34.379032
196.6,7.2,129.514168,34.37871
197.1,7.3,129.514005,34.378323
198.9,7.5,129.513877,34.378037
201.6,7.1,129.513737,34.377732
198.9,7.3,129.513617,34.377437
197.0,7.4,129.513473,34.377087
198.9,7.0,129.513357,34.376808
199.3,7.3,129.513217,34.37645
197.0,7.4,129.513112,34.37616
196.4,7.1,129.512992,34.375845
197.0,7.2,129.512845,34.375455
197.6,7.2,129.512745,34.375203
199.3,7.1,129.512617,34.374888
200.3,7.3,129.512475,34.374533
196.3,7.2,129.512353,34.374218
197.8,7.1,129.512217,34.373905
201.9,7.4,129.512072,34.373585
197.0,7.1,129.511985,34.373335
196.9,7.3,129.511843,34.372978
197.9,7.4,129.511702,34.372627
198.2,7.2,129.511587,34.372343
198.8,7.3,129.511442,34.371987
198.7,7.3,129.5113,34.371638
198.8,7.3,129.511193,34.371385
198.7,7.3,129.511063,34.371065
199.0,7.4,129.510923,34.370713
198.4,7.2,129.510798,34.370397
198.4,7.3,129.510675,34.370108
199.5,7.4,129.510528,34.369755
198.5,7.2,129.510432,34.369503
197.7,7.3,129.510298,34.369142
197.3,7.3,129.510162,34.36879
196.2,7.2,129.510032,34.368473
199.5,7.4,129.509897,34.368183
200.4,7.3,129.509732,34.367808
198.7,7.2,129.50963,34.367553
196.5,7.4,129.509503,34.367228
197.6,7.2,129.509358,34.366883
200.8,7.2,129.509223,34.366567
198.1,7.3,129.509125,34.36631
198.6,7.2,129.50899,34.365993
200.6,7.2,129.508838,34.365645
199.8,7.3,129.508707,34.365327
198.3,7.2,129.508568,34.36498
198.3,7.1,129.508438,34.364665
198.1,7.3,129.508323,34.36437
195.2,7.2,129.508232,34.364082
192.0,7.2,129.508135,34.363758
193.7,7.4,129.50802,34.363395
193.7,7.3,129.507922,34.363038
189.5,7.1,129.50786,34.362745
191.3,7.4,129.507772,34.362407
194.8,7.3,129.507682,34.362083
191.3,7.1,129.507612,34.361753
191.4,7.3,129.507525,34.361418
194.2,7.3,129.507415,34.361062
196.4,7.1,129.507308,34.360748
196.8,7.2,129.507205,34.360455
195.1,7.2,129.50711,34.360168
195.8,7.1,129.506983,34.359822
196.7,7.2,129.506872,34.3595
195.0,7.2,129.506762,34.359147
195.2,7.2,129.506667,34.358857
194.7,7.2,129.506568,34.358532
193.1,7.2,129.506463,34.358177
194.5,7.2,129.506372,34.357885
195.5,7.2,129.506265,34.357563
196.0,7.1,129.50615,34.357212
193.5,7.2,129.506073,34.35695
193.2,7.2,129.50598,34.356628
193.1,7.2,129.505863,34.356237
195.0,7.3,129.505775,34.355943
194.7,7.2,129.505665,34.35559
193.7,7.2,129.505563,34.355267
197.0,7.3,129.505457,34.354977
196.6,7.2,129.505365,34.354688
196.0,7.3,129.505242,34.354295
195.3,7.2,129.50514,34.353977
194.2,7.2,129.50505,34.353685
194.8,7.2,129.504935,34.353332
195.8,7.2,129.504847,34.353073
193.7,7.2,129.504747,34.352747
195.2,7.4,129.504605,34.352325
195.1,7.2,129.504513,34.352038
196.3,7.1,129.504403,34.351715
196.9,7.4,129.504292,34.351385
196.2,7.1,129.504202,34.351102
194.2,7.3,129.504112,34.350805
193.6,7.3,129.503993,34.350413
192.6,7.2,129.503895,34.35009
194.6,7.3,129.503797,34.349797
194.6,7.3,129.503672,34.349408
194.9,7.2,129.503585,34.34915
196.8,7.4,129.503485,34.348853
197.0,7.2,129.50335,34.348472
194.5,7.2,129.503243,34.348145
196.6,7.3,129.503138,34.347853
197.5,7.2,129.503025,34.3475
195.6,7.2,129.502933,34.34721
194.5,7.3,129.502835,34.346918
194.3,7.2,129.502727,34.346598
194.5,7.1,129.502598,34.346213
194.4,7.3,129.502492,34.345887
193.5,7.2,129.502403,34.345597
194.6,7.2,129.502303,34.345272
196.0,7.3,129.502207,34.344978
194.6,7.2,129.5021,34.34462
193.1,7.2,129.501988,34.344262
195.3,7.4,129.501883,34.343968
198.1,7.1,129.50178,34.343687
195.4,7.4,129.501673,34.343353
193.5,7.2,129.501583,34.343067
193.0,7.1,129.501462,34.342677
194.7,7.3,129.501345,34.342312
196.1,7.5,129.501242,34.341985
193.9,7.1,129.501163,34.341697
192.1,7.4,129.50108,34.341393
193.4,7.4,129.50096,34.341003
198.7,7.1,129.500853,34.340722
196.3,7.1,129.50075,34.340397
193.1,7.3,129.500645,34.340068
198.1,7.1,129.500535,34.33979
197.2,7.1,129.50042,34.339432
194.3,7.3,129.500317,34.339068
189.8,7.2,129.500245,34.338775
193.3,7.3,129.500137,34.338448
196.9,7.2,129.500025,34.338093
194.4,7.3,129.499947,34.337795
191.7,7.2,129.499872,34.3375
192.8,7.2,129.499752,34.337105
196.7,7.6,129.499657,34.336833
196.6,7.6,129.499543,34.336463
198.8,7.7,129.499403,34.336085
196.5,8.1,129.499288,34.335758
197.6,8.2,129.499157,34.335435
197.2,8.6,129.49898,34.334973
197.9,8.8,129.49886,34.334663
193.9,9.0,129.498723,34.334213
193.7,9.5,129.498592,34.333787
194.3,9.4,129.498472,34.333405
196.1,10.0,129.498323,34.332955
197.6,10.0,129.49815,34.332468
196.6,10.3,129.497997,34.332055
197.1,10.7,129.497803,34.331543
195.9,10.4,129.497642,34.331077
197.8,11.2,129.497453,34.33058
197.0,10.9,129.497262,34.330055
195.4,11.3,129.497085,34.329545
197.2,11.2,129.496933,34.329153
198.7,11.3,129.496708,34.3286
198.4,11.6,129.496508,34.328088
196.7,11.4,129.496348,34.327637
195.8,11.9,129.496133,34.327002
196.5,11.8,129.495952,34.32648
196.4,12.0,129.495798,34.326047
196.7,12.0,129.495582,34.325467
198.0,12.0,129.495378,34.324932
197.5,12.4,129.495182,34.324387
197.1,12.0,129.49497,34.323792
196.0,12.7,129.494813,34.323338
195.3,12.1,129.494625,34.3228
197.5,12.8,129.494412,34.322232
197.2,12.3,129.494195,34.321635
196.9,12.7,129.493983,34.321067
198.2,12.6,129.493745,34.320463
197.6,12.6,129.49357,34.320015
199.4,12.7,129.493343,34.319467
198.0,12.4,129.493105,34.318858
198.2,12.8,129.492877,34.318297
198.6,12.4,129.492655,34.31775
199.1,12.8,129.4924,34.31713
197.6,12.5,129.492233,34.316692
198.9,12.9,129.49197,34.316068
198.9,12.6,129.491748,34.31552
198.6,12.7,129.491515,34.314955
198.1,12.8,129.491293,34.314402
198.4,12.5,129.491045,34.313788
197.4,12.8,129.490875,34.313335
197.5,12.5,129.490662,34.312777
198.5,13.0,129.490425,34.312148
195.8,12.4,129.490238,34.311592
196.8,13.0,129.49004,34.31107
196.3,12.5,129.489823,34.310458
196.6,12.9,129.489613,34.30988
197.5,12.6,129.489408,34.309323
194.9,12.9,129.48921,34.308743
196.8,12.7,129.489022,34.308243
197.7,12.9,129.48881,34.307663
196.9,12.7,129.488615,34.307105
194.4,12.9,129.488423,34.306523
195.9,12.8,129.488225,34.305962
196.2,12.8,129.488022,34.305383
194.2,12.7,129.487622,34.304185
196.8,13.0,129.487435,34.303668
196.6,12.8,129.487237,34.303095
197.7,13.1,129.487008,34.302462
194.5,12.8,129.486838,34.301947
197.7,13.2,129.486608,34.301368
196.0,12.7,129.48642,34.300798
198.1,13.3,129.486193,34.300217
197.0,12.6,129.485992,34.299655
196.9,13.2,129.48574,34.299012
199.0,12.8,129.485512,34.29846
199.0,13.1,129.4853,34.297937
198.7,12.8,129.485073,34.297382
199.4,12.9,129.484778,34.296698
200.1,12.9,129.484538,34.29614
199.3,12.9,129.484345,34.295688
200.2,12.9,129.4841,34.29513
199.1,12.9,129.483858,34.294565
200.9,12.9,129.483605,34.29401
200.2,12.8,129.483313,34.293337
200.0,12.8,129.483065,34.29278
199.5,12.9,129.482843,34.292272
200.7,12.8,129.48259,34.291718
200.3,12.9,129.482343,34.29115
199.7,12.8,129.482073,34.290537
200.2,13.0,129.481842,34.29003
200.8,12.7,129.481585,34.28948
199.9,13.0,129.481358,34.28897
201.1,12.7,129.481105,34.288423
200.6,12.8,129.480803,34.28775
200.0,12.7,129.480565,34.2872
198.4,12.9,129.480327,34.28663
201.1,12.7,129.480075,34.286087
198.4,12.8,129.479873,34.285573
199.5,12.7,129.479655,34.285078
199.4,12.8,129.479393,34.284457
199.4,12.9,129.479125,34.283845
199.8,12.7,129.478913,34.283343
198.8,13.0,129.478672,34.282777
200.4,12.6,129.478455,34.282283
198.7,12.9,129.478197,34.281662
199.0,12.7,129.477935,34.281052
198.3,12.8,129.477698,34.280487
201.4,12.8,129.477447,34.279933
198.7,12.7,129.477242,34.27943
200.1,12.8,129.477,34.278872
198.3,12.8,129.476773,34.278307
201.5,12.8,129.47652,34.277753
198.3,12.9,129.476293,34.277187
200.4,12.8,129.476042,34.276628
198.5,12.8,129.475807,34.276065
200.0,13.0,129.475552,34.275502
199.6,12.7,129.475325,34.274942
198.4,13.1,129.475082,34.274368
200.9,12.8,129.47481,34.27376
199.5,12.9,129.474572,34.273188
199.5,12.9,129.474353,34.272685
199.6,12.9,129.474083,34.27206
199.4,13.0,129.473892,34.27161
199.3,12.8,129.473627,34.270987
199.6,13.2,129.473358,34.270358
199.0,12.7,129.473145,34.26986
199.1,13.2,129.472898,34.269282
198.6,12.7,129.472642,34.268672
199.7,13.1,129.472425,34.268152
197.4,12.8,129.472218,34.26759
197.5,13.0,129.472013,34.267067
198.3,12.9,129.471788,34.266507
199.1,12.7,129.471528,34.265885
197.9,13.1,129.471303,34.265312
198.1,12.7,129.471073,34.264753
200.0,13.1,129.470817,34.264185
199.8,12.7,129.470575,34.263637
201.0,13.1,129.470312,34.263068
199.3,12.8,129.470068,34.262517
201.0,13.0,129.46977,34.2619
201.1,12.8,129.469543,34.261407
201.0,13.0,129.469305,34.2609
201.3,12.7,129.469053,34.26035
199.6,13.0,129.46881,34.25978
199.5,12.8,129.46852,34.259113
198.3,12.9,129.468288,34.258542
199.6,12.9,129.468072,34.258038
198.1,12.9,129.467853,34.257462
198.0,13.0,129.467642,34.256955
199.6,12.8,129.467382,34.256332
198.4,13.1,129.467127,34.255702
201.0,12.7,129.46688,34.255145
198.3,13.1,129.466697,34.254683
199.6,12.8,129.466447,34.254123
200.2,13.2,129.466172,34.253495
200.0,12.7,129.465932,34.252942
199.4,13.2,129.46566,34.252305
200.0,12.8,129.465465,34.251863
200.0,13.1,129.465215,34.251287
198.4,12.9,129.464953,34.250672
200.1,13.1,129.464727,34.250153
199.6,12.8,129.464493,34.249595
199.3,13.0,129.464207,34.248903
199.0,12.9,129.46402,34.248453
198.8,13.0,129.463757,34.247823
199.1,13.0,129.463517,34.247258
199.5,12.9,129.463272,34.246688
199.7,12.9,129.463032,34.246125
199.3,12.9,129.46277,34.245498
199.6,12.9,129.462577,34.24505
199.8,12.9,129.46233,34.244485
200.6,12.8,129.462072,34.243928
202.2,13.0,129.461773,34.243313
200.7,12.8,129.461547,34.242818
200.8,13.1,129.461257,34.242197
201.2,12.8,129.461002,34.241645
200.9,13.1,129.46074,34.241073
200.5,12.8,129.46049,34.240523
200.5,12.8,129.460212,34.239898
199.8,12.9,129.460023,34.239447
199.4,12.8,129.45976,34.238822
198.9,13.1,129.459547,34.238307
200.5,12.7,129.459305,34.237748
198.8,13.2,129.459075,34.237172
199.5,12.7,129.458788,34.2365
197.6,13.1,129.458585,34.235973
197.8,12.7,129.458355,34.235423
199.4,13.1,129.458137,34.234902
198.9,12.8,129.45789,34.234292
198.2,12.7,129.45764,34.233667
198.3,12.9,129.457413,34.233103
198.8,12.8,129.457227,34.232653
198.1,12.8,129.456978,34.232038
199.1,12.7,129.456765,34.231538
198.6,12.7,129.45654,34.230983
198.4,12.5,129.456265,34.23032
199.6,12.8,129.456027,34.22976
198.6,12.5,129.455828,34.229268
198.1,12.7,129.455585,34.22865
197.6,12.5,129.45541,34.228208
198.8,12.8,129.45516,34.22759
198.6,12.5,129.454923,34.226987
197.6,12.7,129.454728,34.226477
199.0,12.5,129.454527,34.225985
198.4,12.6,129.45426,34.225313
197.7,12.7,129.45406,34.224812
198.9,12.7,129.45383,34.22425
197.7,12.8,129.453595,34.223628
197.5,12.7,129.453383,34.223068
196.0,12.8,129.453198,34.222555
196.7,12.7,129.452955,34.221942
199.3,12.8,129.452767,34.221492
199.4,12.7,129.452513,34.220882
199.1,12.7,129.452288,34.220317
197.3,12.7,129.452072,34.219758
198.3,12.6,129.451838,34.2192
199.4,13.0,129.451578,34.218583
199.7,12.5,129.451373,34.218088
198.7,12.9,129.45115,34.217522
197.1,12.6,129.450933,34.216967
199.1,12.9,129.450697,34.216403
197.6,12.6,129.450505,34.215898
197.8,12.8,129.450237,34.21522
197.4,12.7,129.450065,34.214773
198.7,12.8,129.449367,34.213033
198.5,12.7,129.448877,34.211865
199.8,12.8,129.448677,34.211417
199.9,12.6,129.448417,34.21081
199.2,12.8,129.448175,34.210247
200.9,12.7,129.447927,34.209697
200.9,12.8,129.447697,34.209198
202.1,12.7,129.447432,34.208658
202.5,12.7,129.447155,34.208112
205.2,12.8,129.446805,34.207467
204.0,12.6,129.44655,34.206987
205.6,12.7,129.446242,34.206457
204.9,12.6,129.445978,34.205983
206.6,12.7,129.445668,34.205455
205.2,12.6,129.44537,34.204923
206.7,12.6,129.445023,34.204347
206.1,12.6,129.444717,34.203822
206.7,12.6,129.444402,34.203298
204.8,12.7,129.444105,34.202767
205.6,12.6,129.443792,34.202243
206.7,12.8,129.443512,34.201765
205.0,12.4,129.443187,34.201188
204.8,12.8,129.442887,34.200643
203.5,12.5,129.442608,34.20012
203.2,12.5,129.442063,34.199103
202.8,12.8,129.441787,34.198552
201.2,12.7,129.441493,34.197963
204.4,12.6,129.441168,34.197368
202.6,12.8,129.440925,34.196882
204.9,12.6,129.440628,34.196345
203.5,13.0,129.44032,34.19574
204.4,12.6,129.440082,34.195315
204.0,13.0,129.439795,34.194768
203.8,12.4,129.439473,34.194188
204.1,13.2,129.439167,34.193632
205.2,12.4,129.438902,34.19317
204.8,13.1,129.43857,34.192555
203.6,12.5,129.438295,34.192027
204.7,12.9,129.43799,34.191473
203.4,12.7,129.437715,34.190942
204.3,12.7,129.437392,34.190342
203.7,12.7,129.437165,34.189915
205.9,12.5,129.4368,34.189275
203.5,12.8,129.436573,34.188842
204.4,12.5,129.43627,34.188313
205.2,12.8,129.43594,34.187725
205.3,12.6,129.435643,34.1872
206.0,12.7,129.435308,34.186618
204.9,12.6,129.435013,34.186087
205.0,12.7,129.434738,34.185605
205.1,12.5,129.434443,34.185077
205.7,12.8,129.434132,34.18454
206.4,12.6,129.433795,34.183968
206.5,12.9,129.433475,34.18343
208.0,12.5,129.43319,34.182972
206.7,13.0,129.432895,34.182483
207.8,12.4,129.43257,34.181977
206.4,12.9,129.432213,34.181382
206.5,12.7,129.43186,34.180817
207.2,12.7,129.431538,34.180278
204.1,12.9,129.431245,34.179742
205.7,12.6,129.430972,34.179258
203.4,12.9,129.430713,34.178775
206.1,12.5,129.430385,34.178185
202.8,13.0,129.430108,34.177637
204.8,12.4,129.429785,34.177057
203.9,12.9,129.429527,34.17656
203.9,12.6,129.429238,34.17603
204.6,12.8,129.428943,34.175492
205.4,12.6,129.428645,34.174963
204.5,12.7,129.428327,34.17437
205.0,12.7,129.428053,34.173892
204.4,12.6,129.427732,34.173302
205.1,12.7,129.42749,34.172877
204.8,12.7,129.427163,34.172288
206.7,12.7,129.426875,34.171817
206.9,12.8,129.426528,34.171233
205.9,12.6,129.426192,34.170655
207.3,12.7,129.425867,34.170125
206.5,12.6,129.425585,34.16966
207.4,12.8,129.425258,34.169123
206.7,12.7,129.424937,34.16861
209.9,12.6,129.42459,34.168092
207.7,12.9,129.424265,34.167568
208.3,12.4,129.423928,34.167053
208.1,12.9,129.423625,34.16658
210.0,12.4,129.423282,34.166075
208.8,12.8,129.422943,34.165557
208.3,12.3,129.42254,34.164955
209.6,12.7,129.422222,34.164492
208.5,12.3,129.421857,34.163943
208.8,12.5,129.42152,34.163435
207.3,12.3,129.421238,34.162978
208.0,12.3,129.420912,34.162478
209.1,12.2,129.420585,34.16198
208.0,12.2,129.420267,34.161482
208.1,12.1,129.419975,34.161035
208.1,12.2,129.419563,34.160392
207.4,11.9,129.419313,34.160002
209.5,12.1,129.418988,34.159513
207.6,11.8,129.418685,34.159023
207.3,12.1,129.418402,34.158577
209.2,11.8,129.418052,34.15805
208.9,11.9,129.41771,34.157513
207.2,11.8,129.417435,34.15708
209.0,11.9,129.417143,34.156647
208.0,11.7,129.416835,34.15617
208.2,11.9,129.416515,34.155685
208.7,11.7,129.416172,34.155162
207.6,11.8,129.415832,34.154625
207.8,11.8,129.415558,34.154192
207.7,11.8,129.415287,34.153752
206.0,11.9,129.414963,34.15321
208.1,11.7,129.414685,34.15278
207.5,11.9,129.414352,34.15224
208.5,11.7,129.41401,34.15172
209.1,11.8,129.413728,34.151282
207.1,11.7,129.413458,34.15085
207.8,11.8,129.413117,34.150317
207.0,11.8,129.412825,34.149833
207.3,11.7,129.412523,34.149345
207.4,11.8,129.412193,34.14881
206.3,11.7,129.411893,34.148328
207.9,11.8,129.411642,34.147942
207.6,11.7,129.411307,34.147413
207.2,11.8,129.411033,34.146972
209.4,11.8,129.410682,34.146448
209.4,11.7,129.41037,34.145967
207.5,11.8,129.410028,34.14544
209.2,11.6,129.409747,34.145017
208.2,11.7,129.409443,34.144538
208.1,11.3,129.409152,34.14407
207.3,11.6,129.408852,34.143593
208.1,10.7,129.408575,34.143155
207.3,11.1,129.40829,34.142693
207.2,10.4,129.40805,34.142315
207.8,10.5,129.407782,34.141873
205.4,10.3,129.407535,34.14145
206.9,9.8,129.407253,34.141
207.4,10.0,129.406977,34.140545
206.0,9.5,129.406743,34.140155
207.9,9.6,129.406542,34.139835
207.6,9.5,129.406282,34.139412
205.6,9.0,129.40608,34.13907
205.1,9.3,129.405823,34.138647
206.7,8.9,129.405595,34.138283
208.7,8.8,129.405362,34.137923
205.8,8.9,129.405173,34.137588
206.1,8.6,129.404937,34.137195
208.3,8.5,129.404705,34.136843
209.7,8.4,129.404472,34.136502
208.7,8.4,129.404225,34.136125
207.5,8.3,129.40401,34.135788
207.7,8.1,129.403798,34.135452
207.1,8.3,129.403587,34.135107
206.9,8.0,129.403425,34.134845
206.4,8.1,129.403195,34.134475
207.7,7.9,129.403008,34.134188
207.6,7.9,129.402747,34.133802
208.5,8.0,129.402532,34.133482
211.1,7.7,129.40232,34.133168
207.8,7.9,129.40213,34.132835
202.9,7.7,129.40197,34.132543
206.3,7.7,129.401768,34.132222
208.1,7.8,129.401553,34.131872
207.8,7.6,129.401368,34.131553
204.3,7.7,129.401205,34.13126
204.9,7.6,129.401015,34.130943
209.8,7.5,129.400807,34.13064
211.1,7.7,129.400595,34.13033
210.8,7.6,129.400347,34.129968
208.1,7.4,129.400168,34.129697
207.5,7.5,129.399968,34.129388
207.2,7.5,129.399772,34.129083
208.4,7.4,129.399575,34.12878
207.9,7.4,129.399405,34.128505
206.9,7.5,129.399198,34.128167
207.4,7.4,129.39901,34.127862
207.6,7.4,129.39882,34.127557
208.5,7.4,129.398618,34.127258
209.4,7.4,129.398397,34.126933
210.9,7.3,129.398232,34.126702
209.6,7.2,129.398013,34.12638
207.2,7.4,129.397825,34.126073
206.2,7.3,129.39764,34.125772
206.9,7.3,129.397465,34.125505
208.1,7.3,129.397253,34.125173
208.1,7.3,129.397103,34.124935
209.3,7.2,129.39686,34.124585
212.6,7.2,129.39665,34.124297
210.9,7.3,129.396453,34.124002
207.3,7.1,129.396267,34.123713
208.3,7.2,129.396068,34.123422
209.9,7.3,129.395872,34.123127
209.0,7.1,129.395707,34.122863
207.6,7.2,129.3955,34.122537
205.9,7.2,129.395337,34.12227
209.2,7.1,129.39514,34.121987
212.1,7.1,129.394897,34.12164
212.2,7.2,129.394692,34.121355
211.5,7.0,129.394507,34.121103
212.1,7.1,129.39429,34.120822
213.4,7.1,129.394095,34.120578
212.0,7.0,129.393885,34.120303
209.3,7.2,129.393665,34.119983
209.7,7.2,129.393468,34.1197
213.3,7.0,129.393285,34.119447
212.5,7.2,129.393055,34.119132
211.6,7.0,129.392892,34.118918
214.3,7.0,129.39263,34.118588
212.5,7.1,129.392447,34.118333
211.1,7.0,129.392208,34.117998
209.1,7.1,129.39203,34.11774
209.7,7.1,129.391833,34.117455
209.2,7.0,129.391658,34.1172
210.1,7.2,129.391453,34.116915
210.9,7.1,129.391253,34.116637
211.2,7.0,129.391027,34.116333
210.6,7.1,129.390845,34.116077
208.5,7.0,129.39061,34.115738
209.1,7.1,129.390453,34.11551
211.8,7.0,129.390255,34.11523
210.4,7.2,129.39006,34.114937
208.1,7.1,129.389853,34.114625
209.8,7.0,129.389672,34.11437
212.4,7.2,129.38944,34.11406
214.5,6.9,129.389268,34.113855
217.7,6.9,129.38901,34.113567
217.4,7.1,129.3888,34.113332
217.2,6.9,129.38849,34.11301
219.0,6.9,129.388268,34.112787
221.3,7.0,129.388013,34.112543
219.2,6.8,129.387803,34.112322
216.1,6.9,129.387567,34.112067
216.9,7.0,129.38733,34.111813
220.1,6.8,129.387097,34.111568
216.8,6.9,129.386875,34.1113
212.7,7.0,129.386642,34.111
215.2,6.8,129.386463,34.1108
217.4,6.9,129.386213,34.110508
216.7,7.0,129.385992,34.110245
213.9,6.8,129.385775,34.109983
215.8,6.9,129.38554,34.109725
215.5,7.0,129.385287,34.109443
217.6,6.9,129.385078,34.109218
215.7,6.9,129.384878,34.10898
213.9,6.9,129.384638,34.10869
214.2,6.9,129.384412,34.10843
216.7,6.9,129.384182,34.108173
218.1,6.9,129.383922,34.107895
216.7,6.8,129.38372,34.107667
215.2,6.9,129.383488,34.107405
218.5,7.0,129.383248,34.107157
220.8,6.8,129.38301,34.106912
216.8,6.9,129.382787,34.106647
213.4,7.0,129.382542,34.106355
213.8,6.9,129.382342,34.106127
219.6,6.8,129.38213,34.1059
218.4,7.0,129.381883,34.105608
216.0,7.0,129.381638,34.105325
217.8,6.7,129.381405,34.105085
219.4,6.9,129.381167,34.10483
214.2,6.9,129.380973,34.104597
214.3,6.8,129.38075,34.104342
215.9,6.9,129.380525,34.10408
214.8,6.9,129.380285,34.103795
213.4,6.7,129.380098,34.103563
213.2,6.9,129.379857,34.10327
214.0,6.9,129.379662,34.103037
215.9,6.8,129.37942,34.102753
214.8,6.9,129.379203,34.10249
211.0,7.0,129.378995,34.102222
213.7,6.8,129.378777,34.101965
220.0,6.8,129.378538,34.101712
218.8,6.8,129.378327,34.10149
222.4,6.6,129.378072,34.101268
224.9,6.8,129.377802,34.101043
222.8,6.8,129.377515,34.100797
225.0,6.6,129.377278,34.100607
226.9,6.8,129.376983,34.100362
223.9,6.7,129.376733,34.100133
219.0,6.8,129.376485,34.099897
220.2,6.7,129.37623,34.099672
224.2,6.7,129.375968,34.099443
221.5,6.8,129.375718,34.099208
219.9,6.6,129.375472,34.098977
224.5,6.8,129.375232,34.09877
224.2,6.8,129.37498,34.098542
220.6,6.7,129.37473,34.098307
220.7,6.8,129.374427,34.098025
220.1,6.8,129.374202,34.097813
223.0,6.8,129.373943,34.097583
225.6,6.8,129.373682,34.09736
223.5,6.6,129.373455,34.097155
221.2,6.8,129.3732,34.09692
220.8,6.7,129.372927,34.096668
221.8,6.7,129.372678,34.096435
221.8,6.8,129.372458,34.096222
221.2,6.6,129.372228,34.095988
220.6,6.8,129.37196,34.095723
218.5,6.7,129.371748,34.095512
219.4,6.7,129.371458,34.095227
223.6,6.7,129.371205,34.094993
219.9,6.8,129.370997,34.094773
218.6,6.6,129.370757,34.094538
222.4,6.8,129.370522,34.094328
220.8,6.8,129.370305,34.09412
219.7,6.6,129.370005,34.093842
221.4,6.7,129.369748,34.09361
223.7,6.7,129.369495,34.093383
222.6,6.7,129.369247,34.09315
220.7,6.6,129.369007,34.092918
219.2,6.9,129.368782,34.0927
219.9,6.8,129.36851,34.092445
225.2,6.6,129.368257,34.092223
227.0,6.8,129.367998,34.091987
219.1,6.7,129.367792,34.091772
219.8,6.6,129.367565,34.091568
223.2,6.8,129.367283,34.091313
223.7,6.7,129.366988,34.091033
223.0,6.7,129.36674,34.090797
219.7,6.8,129.36652,34.090578
221.5,6.7,129.366267,34.090352
223.1,6.8,129.366033,34.090147
222.5,6.7,129.365783,34.089917
219.6,6.7,129.365517,34.089655
218.8,6.7,129.365277,34.08942
221.1,6.5,129.365038,34.089188
220.2,6.8,129.364797,34.088942
217.4,6.6,129.364618,34.088748
218.2,6.5,129.364367,34.088485
217.4,6.7,129.364092,34.088183
216.7,6.7,129.36387,34.087937
219.2,6.7,129.363417,34.087495
220.5,6.5,129.363227,34.087312
221.7,6.5,129.362957,34.087057
218.0,6.8,129.362697,34.086793
217.5,6.5,129.36247,34.086567
221.0,6.4,129.36221,34.086308
216.5,6.8,129.362007,34.086082
218.6,6.4,129.361803,34.085875
220.6,6.7,129.361567,34.085633
216.3,6.7,129.361327,34.085365
217.6,6.4,129.361122,34.085158
221.8,6.5,129.360627,34.084668
219.8,6.5,129.360442,34.084477
215.8,6.8,129.360195,34.08421
214.2,6.5,129.35995,34.083953
222.5,6.5,129.359725,34.083748
220.3,6.7,129.359477,34.083483
217.0,6.5,129.359253,34.08325
222.8,6.5,129.35903,34.08305
222.9,6.5,129.358793,34.082822
217.0,6.6,129.358547,34.082555
217.0,6.5,129.358365,34.082367
217.9,6.7,129.35809,34.082075
221.6,6.5,129.357887,34.08187
214.9,6.7,129.357693,34.081633
214.5,6.9,129.357403,34.081312
217.5,6.4,129.357225,34.081133
223.7,6.7,129.356973,34.080895
221.0,6.7,129.35672,34.080635
218.2,6.4,129.356513,34.080428
221.9,6.6,129.35626,34.080202
223.4,6.6,129.35599,34.079957
222.7,6.5,129.355772,34.079755
219.7,6.7,129.355557,34.079545
219.8,6.6,129.355267,34.079275
221.8,6.5,129.355027,34.079047
220.0,6.6,129.354817,34.07883
219.6,6.5,129.354563,34.078572
218.8,6.6,129.354355,34.078352
216.6,6.7,129.354132,34.078112
218.3,6.5,129.353882,34.077852
221.4,6.7,129.353667,34.077633
214.8,6.7,129.353478,34.077405
214.4,6.6,129.353212,34.077112
218.6,6.7,129.353022,34.07692
220.4,6.8,129.352763,34.076655
219.2,6.8,129.352507,34.076392
222.5,6.5,129.352288,34.07619
224.0,6.7,129.352032,34.075955
222.8,6.6,129.351762,34.075712
223.4,6.5,129.351533,34.075517
225.1,6.7,129.351295,34.075322
224.7,6.6,129.350982,34.075068
225.9,6.5,129.350772,34.074902
227.3,6.6,129.35051,34.074688
227.7,6.6,129.35018,34.074405
221.1,6.6,129.34999,34.074218
221.1,6.5,129.349745,34.073998
222.2,6.5,129.349477,34.073745
218.5,6.7,129.349267,34.073535
218.1,6.4,129.349045,34.073303
218.7,6.6,129.348793,34.07303
215.9,6.7,129.348597,34.072812
224.7,6.4,129.348372,34.072615
225.0,6.6,129.348082,34.072333
214.9,6.6,129.347888,34.072113
217.8,6.4,129.347655,34.071883
221.4,6.7,129.347413,34.071643
217.5,6.6,129.347203,34.071402
216.6,6.4,129.346982,34.071158
218.1,6.6,129.346727,34.070892
218.5,6.5,129.346543,34.07071
225.4,6.5,129.346283,34.070493
227.1,6.4,129.346032,34.070292
228.2,6.3,129.34572,34.070043
225.7,6.5,129.345487,34.069853
225.9,6.4,129.345175,34.069618
230.7,6.4,129.344947,34.069465
232.1,6.5,129.34467,34.069268
224.9,6.5,129.344417,34.069057
221.7,6.5,129.34413,34.068827
228.1,6.5,129.34391,34.06867
229.6,6.5,129.343597,34.06842
225.2,6.6,129.343393,34.068242
220.8,6.6,129.34314,34.06802
221.6,6.6,129.342855,34.067787
221.8,6.6,129.342538,34.06753
228.6,6.6,129.342317,34.06737
229.6,6.6,129.341998,34.067112
221.6,6.7,129.341805,34.066917
225.1,6.6,129.341565,34.066728
227.9,6.7,129.341293,34.066517
226.1,6.7,129.340977,34.06626
227.3,6.6,129.340758,34.066095
227.2,6.7,129.340435,34.065835
224.7,6.7,129.340205,34.065635
224.6,6.7,129.33991,34.065397
227.5,6.7,129.339663,34.065207
225.4,6.8,129.339373,34.064965
224.9,6.7,129.339128,34.064772
227.9,6.7,129.338827,34.06454
229.4,6.7,129.33858,34.06435
225.2,6.8,129.338313,34.064125
226.4,6.6,129.338073,34.063938
227.4,6.6,129.337747,34.063673
225.5,6.9,129.337532,34.063493
224.5,6.8,129.337178,34.063212
230.1,6.7,129.336948,34.063052
228.8,6.9,129.336645,34.062815
225.5,6.6,129.336408,34.062622
223.4,6.7,129.33611,34.062385
226.9,6.7,129.335862,34.062192
228.5,6.7,129.335563,34.061957
224.8,6.7,129.335328,34.061753
224.0,6.8,129.335058,34.06153
223.3,6.9,129.334817,34.06133
221.8,6.7,129.334473,34.061045
229.1,6.8,129.334243,34.060875
227.8,6.9,129.333918,34.060608
224.3,6.7,129.333708,34.060437
227.7,6.8,129.333393,34.060208
230.0,6.8,129.333137,34.060027
229.9,6.7,129.332858,34.059815
224.5,7.0,129.33256,34.059565
221.8,6.7,129.332302,34.059347
231.4,6.7,129.332028,34.059167
229.8,6.9,129.331728,34.05892
221.3,6.7,129.331507,34.058713
224.7,6.7,129.331227,34.058502
228.9,6.7,129.330918,34.058272
227.8,6.8,129.330647,34.058053
221.8,6.8,129.330413,34.057848
224.4,6.7,129.330142,34.057635
228.5,6.8,129.329862,34.057423
226.6,6.8,129.329592,34.057207
225.9,6.8,129.329318,34.056993
227.0,6.7,129.328987,34.056742
227.7,6.7,129.328708,34.056532
226.2,6.8,129.328433,34.056317
226.1,6.8,129.328213,34.056145
227.1,6.7,129.32794,34.055932
226.9,6.8,129.327637,34.055688
223.1,6.9,129.327372,34.055463
226.6,6.7,129.327093,34.05526
233.0,6.8,129.326798,34.055057
226.5,6.8,129.326585,34.054882
225.5,6.7,129.326253,34.05463
226.6,6.7,129.325975,34.054418
227.2,6.8,129.325675,34.054183
226.8,6.8,129.325398,34.053967
226.7,6.7,129.325148,34.053772
225.9,6.8,129.324902,34.053578
225.5,6.8,129.32463,34.053365
225.0,6.8,129.324328,34.053128
227.9,6.8,129.324043,34.052918
230.5,6.7,129.323763,34.052712
227.3,6.8,129.323465,34.05247
223.9,6.8,129.323247,34.052295
228.1,6.8,129.322937,34.052067
229.5,6.8,129.32266,34.051855
226.9,6.7,129.32239,34.051637
225.0,6.7,129.32212,34.051418
225.0,6.7,129.321847,34.051205
227.1,6.8,129.321593,34.051012
227.9,6.7,129.321318,34.050803
228.5,6.7,129.321013,34.05057
226.6,6.8,129.320708,34.050333
226.5,6.7,129.320437,34.050123
229.0,6.7,129.320157,34.049913
224.7,6.8,129.319947,34.049733
224.0,6.8,129.319647,34.049497
228.5,6.7,129.319367,34.04929
229.8,6.8,129.319088,34.049072
224.6,6.9,129.318825,34.048848
226.0,6.6,129.31855,34.04864
227.7,6.8,129.318298,34.048448
226.5,6.8,129.317997,34.048212
229.1,6.6,129.317718,34.048008
229.1,6.8,129.31744,34.047793
227.0,6.8,129.317165,34.047575
227.1,6.7,129.31692,34.047385
227.1,6.8,129.316643,34.04717
226.4,6.9,129.316338,34.04693
227.8,6.7,129.316065,34.046723
230.6,6.8,129.315778,34.046512
226.8,6.8,129.315535,34.046313
225.4,6.7,129.315238,34.046077
226.6,6.8,129.314985,34.045878
225.9,6.8,129.314715,34.045658
226.3,6.8,129.314393,34.045395
228.4,6.8,129.314145,34.045193
221.8,6.8,129.31389,34.04496
225.7,6.7,129.313642,34.04477
228.8,6.8,129.313365,34.044552
223.9,6.9,129.3131,34.04432
222.8,6.8,129.312808,34.044078
227.6,6.7,129.31253,34.043865
227.2,6.9,129.31223,34.043617
222.5,6.8,129.312,34.04341
223.0,6.8,129.311763,34.043207
223.3,6.9,129.311502,34.04297
224.7,6.8,129.311212,34.04272
225.8,6.8,129.310943,34.042498
227.3,6.8,129.310667,34.042287
232.1,6.6,129.310408,34.042117
234.4,6.6,129.310142,34.041953
237.9,6.4,129.30981,34.04178
241.4,6.4,129.309437,34.041605
243.4,6.3,129.309155,34.041487
245.9,6.3,129.308805,34.04135
245.7,6.3,129.308552,34.041252
245.5,6.3,129.308233,34.041133
247.2,6.3,129.307912,34.041017
246.5,6.3,129.307557,34.040885
244.2,6.3,129.30724,34.040762
245.6,6.3,129.306918,34.040645
249.8,6.3,129.306623,34.040545
243.3,6.4,129.306312,34.040407
238.5,6.4,129.305997,34.040268
240.2,6.4,129.305615,34.040115
247.3,6.3,129.305322,34.040018
252.2,6.3,129.304992,34.039917
246.9,6.3,129.304703,34.039808
248.8,6.2,129.304408,34.039723
251.1,6.3,129.304043,34.039623
251.1,6.2,129.303683,34.03952
250.6,6.3,129.303383,34.039437
251.5,6.3,129.30305,34.039347
252.3,6.2,129.30269,34.039243
251.0,6.3,129.302388,34.039153
249.0,6.4,129.302058,34.039053
250.3,6.2,129.301697,34.038953
250.7,6.4,129.301392,34.038865
250.1,6.3,129.301055,34.038767
251.3,6.3,129.30072,34.038677
250.5,6.4,129.300417,34.038593
252.3,6.3,129.300083,34.038503
253.9,6.3,129.299677,34.038395
253.3,6.4,129.299337,34.038298
248.5,6.3,129.299042,34.038202
246.7,6.5,129.29867,34.038088
249.4,6.4,129.298367,34.038003
254.2,6.4,129.298027,34.037913
256.1,6.4,129.29765,34.037807
248.1,6.5,129.297348,34.0377
252.1,6.4,129.296668,34.037508
252.7,6.5,129.296257,34.037388
247.0,6.6,129.295988,34.037295
247.9,6.4,129.295615,34.037192
256.9,6.5,129.295297,34.037122
251.3,6.5,129.29496,34.037017
246.3,6.4,129.29462,34.03691
255.9,6.5,129.293928,34.036733
254.7,6.5,129.293587,34.03663
249.5,6.5,129.293252,34.036518
249.5,6.5,129.292912,34.036413
251.8,6.5,129.292537,34.0363
249.1,6.6,129.291887,34.036095
248.2,6.5,129.291547,34.035997
252.0,6.4,129.291205,34.035923
260.4,6.3,129.290857,34.035873
263.1,6.1,129.290623,34.035852
267.0,6.1,129.290522,34.035848
267.4,6.1,129.290385,34.035842
265.9,6.1,129.290285,34.035835
276.6,5.9,129.29009,34.035857
272.8,6.0,129.289987,34.035852
268.6,5.9,129.28989,34.035852
279.7,5.9,129.28976,34.035882
275.2,5.9,129.2895,34.035898
279.0,5.8,129.289178,34.035935
279.3,5.9,129.288875,34.03597
278.0,5.9,129.288515,34.036008
282.5,5.9,129.288193,34.036057
283.8,6.0,129.287865,34.036102
273.7,6.0,129.287567,34.036117
273.8,6.0,129.287202,34.036157
279.0,6.0,129.286903,34.036198
278.4,6.1,129.28657,34.036232
276.5,6.1,129.286165,34.03627
273.5,6.1,129.285863,34.03629
276.4,6.1,129.285523,34.036323
276.4,6.2,129.285145,34.03635
274.9,6.1,129.284873,34.036365
271.8,6.2,129.28453,34.036377
270.0,6.3,129.28415,34.036398
273.0,6.2,129.283807,34.036425
274.3,6.3,129.28349,34.03644
269.5,6.3,129.283107,34.036447
274.7,6.2,129.28283,34.036472
276.4,6.3,129.28241,34.036488
280.5,6.2,129.282028,34.03651
272.9,6.3,129.281712,34.036502
265.0,6.4,129.281358,34.036492
268.8,6.3,129.281005,34.03651
275.5,6.3,129.280688,34.036533
271.2,6.3,129.280338,34.036538
272.1,6.3,129.27995,34.036555
273.7,6.3,129.279635,34.036573
276.2,6.3,129.279285,34.0366
275.8,6.3,129.278865,34.036628
273.9,6.3,129.278583,34.036642
274.7,6.3,129.278237,34.036667
273.7,6.2,129.277855,34.036682
272.8,6.2,129.277507,34.036693
268.2,6.3,129.277188,34.036687
270.8,6.3,129.276807,34.036703
279.0,6.3,129.276493,34.036735
276.3,6.3,129.276143,34.036752
271.0,6.3,129.27576,34.036768
270.2,6.2,129.275415,34.036793
280.7,6.3,129.275102,34.036835
278.7,6.3,129.274753,34.036853
269.9,6.3,129.274405,34.036853
267.1,6.3,129.274058,34.036867
273.1,6.2,129.27371,34.036892
276.0,6.3,129.273325,34.036913
273.1,6.3,129.27301,34.03692
274.6,6.3,129.272697,34.036935
276.3,6.3,129.272312,34.036953
272.7,6.3,129.271927,34.03696
268.5,6.3,129.271612,34.036965
272.6,6.2,129.271263,34.03699
272.2,6.3,129.270908,34.037002
270.1,6.3,129.27056,34.037015
271.2,6.3,129.270208,34.037035
272.5,6.3,129.269853,34.037053
274.2,6.3,129.269535,34.03707
277.7,6.3,129.269147,34.0371
277.2,6.4,129.26879,34.037125
274.6,6.3,129.268443,34.037145
271.0,6.3,129.268088,34.037158
268.2,6.5,129.267728,34.037167
271.0,6.4,129.26738,34.037188
279.5,6.4,129.267022,34.037223
278.1,6.4,129.266665,34.037233
271.1,6.5,129.26627,34.037235
264.6,6.4,129.265952,34.037233
277.5,6.4,129.265602,34.037278
281.1,6.5,129.265285,34.037313
278.9,6.5,129.264857,34.037332
263.2,6.5,129.264532,34.037322
265.6,6.4,129.264142,34.037352
280.5,6.5,129.263818,34.037395
278.9,6.4,129.26346,34.037407
270.7,6.4,129.263102,34.037403
266.1,6.5,129.262742,34.037403
269.0,6.4,129.262423,34.037422
270.6,6.3,129.262035,34.037442
276.3,6.4,129.261715,34.037468
276.6,6.4,129.261287,34.037492
272.7,6.4,129.260967,34.037498
269.6,6.4,129.260572,34.037503
276.1,6.4,129.260252,34.03753
275.7,6.3,129.259865,34.03755
268.3,6.3,129.25958,34.037548
270.7,6.4,129.259187,34.03757
280.7,6.4,129.258852,34.037593
277.3,6.4,129.258462,34.037607
266.5,6.3,129.258143,34.037598
267.9,6.3,129.257718,34.037617
274.8,6.3,129.257397,34.037638
277.2,6.4,129.257013,34.03766
267.3,6.4,129.256655,34.037647
264.0,6.4,129.256337,34.037645
282.7,6.4,129.256013,34.037685
280.6,6.4,129.255585,34.037692
264.5,6.4,129.255298,34.037665
265.6,6.3,129.254913,34.037688
276.1,6.5,129.254552,34.037722
278.6,6.4,129.254167,34.037747
274.1,6.4,129.253843,34.03775
267.6,6.4,129.253452,34.037747
268.6,6.3,129.253133,34.037758
274.7,6.3,129.252742,34.037777
273.1,6.5,129.252382,34.03778
266.5,6.3,129.252068,34.037773
274.3,6.3,129.25175,34.037795
272.6,6.4,129.251353,34.0378
270.4,6.4,129.251033,34.0378
272.6,6.4,129.250567,34.037808
273.9,6.4,129.250242,34.037817
271.8,6.5,129.249882,34.037822
272.0,6.4,129.249562,34.037827
271.1,6.5,129.249163,34.037832
270.0,6.5,129.248873,34.037835
267.2,6.4,129.248445,34.03784
270.9,6.5,129.248087,34.037855
270.4,6.5,129.247727,34.037858
266.2,6.4,129.24744,34.037852
269.8,6.5,129.247042,34.03786
272.3,6.5,129.24668,34.037867
271.1,6.5,129.246285,34.037867
268.7,6.5,129.245925,34.037863
269.7,6.5,129.245562,34.037868
273.6,6.5,129.245272,34.037878
273.3,6.5,129.244837,34.037883
269.2,6.5,129.24451,34.037875
266.3,6.5,129.24411,34.03787
271.4,6.5,129.243785,34.037885
273.6,6.5,129.243385,34.037895
274.3,6.5,129.243048,34.037892
273.1,6.5,129.242647,34.037888
267.7,6.6,129.242313,34.037878
268.2,6.5,129.241913,34.037883
272.2,6.6,129.241583,34.037893
270.2,6.6,129.241178,34.037893
269.2,6.6,129.240888,34.03789
270.1,6.6,129.240483,34.037892
269.7,6.6,129.240155,34.037888
267.7,6.6,129.239712,34.03788
268.6,6.6,129.23938,34.037883
272.6,6.5,129.238978,34.037897
275.3,6.6,129.238643,34.037907
273.3,6.6,129.23824,34.03791
266.0,6.7,129.237907,34.037898
266.0,6.7,129.2375,34.037905
274.1,6.6,129.237168,34.037927
273.3,6.7,129.23676,34.037928
266.6,6.7,129.236462,34.037913
267.2,6.7,129.236055,34.037917
272.1,6.6,129.235683,34.037928
272.6,6.7,129.235273,34.037935
268.5,6.6,129.23494,34.03793
268.6,6.6,129.234532,34.037933
268.7,6.7,129.234198,34.037935
269.2,6.6,129.233828,34.037938
269.6,6.7,129.233457,34.037945
270.7,6.7,129.233092,34.037953
272.1,6.6,129.232752,34.037962
272.9,6.7,129.232303,34.037977
271.5,6.7,129.231975,34.037988
271.2,6.7,129.231567,34.037993
269.6,6.7,129.23123,34.037992
270.0,6.7,129.230817,34.037997
270.8,6.7,129.230478,34.037998
269.5,6.7,129.230103,34.037997
267.7,6.8,129.229765,34.037992
267.4,6.7,129.229358,34.037995
272.3,6.7,129.229022,34.038008
271.6,6.7,129.22861,34.038013
272.4,6.7,129.228163,34.038027
271.5,6.6,129.22783,34.038028
269.0,6.8,129.227488,34.038028
269.5,6.7,129.22708,34.038037
275.4,6.7,129.226743,34.038058
272.6,6.8,129.226368,34.038057
270.2,6.8,129.225953,34.038058
269.9,6.7,129.225615,34.038058
272.9,6.8,129.225237,34.038068
270.5,6.8,129.224862,34.038063
268.9,6.7,129.224488,34.03806
270.7,6.7,129.224075,34.03807
270.9,6.8,129.22366,34.038077
273.5,6.8,129.223358,34.038087
271.6,6.8,129.222943,34.038087
269.1,6.7,129.222607,34.038087
273.6,6.8,129.222265,34.038105
274.2,6.8,129.221852,34.038115
272.4,6.8,129.221435,34.038118
271.2,6.7,129.221098,34.038122
271.2,6.8,129.22068,34.038137
270.6,6.8,129.21997,34.038155
270.9,6.9,129.219588,34.038162
272.4,6.8,129.21921,34.038172
271.8,6.8,129.218827,34.03818
269.9,6.8,129.218447,34.038187
269.1,6.8,129.218068,34.03819
270.7,6.8,129.217727,34.038193
270.9,6.8,129.21727,34.038192
271.0,6.8,129.216887,34.038187
269.9,6.7,129.216547,34.038183
269.9,6.7,129.216133,34.03819
270.4,6.7,129.215795,34.038197
271.9,6.6,129.215427,34.038208
274.1,6.7,129.215012,34.03822
269.5,6.7,129.214678,34.038215
267.3,6.7,129.214342,34.038213
271.2,6.7,129.213933,34.038225
273.6,6.7,129.2136,34.038233
270.4,6.7,129.213188,34.038235
270.2,6.7,129.212745,34.038243
270.8,6.7,129.212447,34.038247
270.2,6.7,129.211667,34.038255
272.3,6.6,129.211337,34.038265
269.6,6.7,129.210965,34.038263
268.8,6.6,129.210558,34.038263
272.7,6.6,129.210227,34.038272
269.5,6.7,129.209888,34.038267
268.5,6.7,129.209447,34.038268
271.6,6.6,129.209117,34.03828
271.4,6.6,129.208745,34.038282
269.7,6.7,129.208338,34.03828
269.7,6.6,129.208012,34.038287
271.5,6.6,129.207643,34.038295
270.0,6.6,129.207277,34.038295
269.9,6.5,129.206913,34.0383
270.1,6.5,129.206587,34.038305
270.6,6.5,129.206152,34.038313
271.9,6.5,129.205788,34.03832
272.0,6.5,129.205463,34.038325
270.1,6.6,129.205098,34.038328
271.2,6.5,129.204737,34.03834
273.4,6.5,129.204378,34.038353
273.8,6.5,129.204015,34.038363
269.6,6.5,129.203652,34.038365
269.8,6.5,129.203327,34.03837
273.3,6.5,129.202962,34.038383
272.9,6.5,129.202602,34.038387
270.8,6.5,129.202202,34.03839
269.9,6.5,129.201802,34.038392
269.7,6.5,129.201442,34.038397
273.4,6.5,129.201112,34.03841
271.4,6.5,129.200752,34.038412
270.4,6.5,129.200388,34.038417
273.2,6.5,129.200028,34.038433
273.7,6.5,129.199665,34.038442
270.1,6.5,129.1993,34.038442
269.3,6.5,129.1989,34.038448
270.7,6.6,129.198608,34.038453
272.4,6.5,129.19821,34.038458
